{"cameraMode":{"drawMode":0,"name":"Shaded","section":"Shading Mode"},"sceneLighting":true,"audioPlay":false,"sceneViewState":{"showFog":false,"showMaterialUpdate":false,"showSkybox":false,"showFlares":false,"showImageEffects":true,"showParticleSystems":true},"in2DMode":false,"pivot":{"x":-0.9239893555641174,"y":2.625943660736084,"z":-3.1460518836975099},"rotation":{"x":-0.24064604938030244,"y":-0.04598959907889366,"z":0.011415854096412659,"w":-0.9694557189941406},"size":4.494014739990234,"orthographic":false}